x,y,z,sigma11,sigma22,sigma33,sigma12,sigma13,sigma23
3,1,1000,-3.5750029530895233e-13,-3.575036003554426e-13,-3.577429408991747e-13,-7.120880296721199e-22,-7.120830454878804e-19,-2.373582461713833e-19
