x,y,z,sigma11,sigma22,sigma33,sigma12,sigma13,sigma23
7,7,7,-0.00021987248334785184,-0.00021988913572467441,-0.00021990578435838012,-1.986531145488947e-06,-1.9864396512520877e-06,-1.986348126522231e-06
