x,y,z,sigma11,sigma22,sigma33,sigma12,sigma13,sigma23
12,11,11,-1.9982101962152388e-05,-2.028617935493615e-05,-2.047706632063323e-05,-3.117886407031498e-08,-3.070700295764021e-08,-2.7427187122361537e-08
