x,y,z,sigma11,sigma22,sigma33,sigma12,sigma13,sigma23
1,1,1,0.045771627685665346,0.051887977956375744,0.0158897872977183,-0.004281056362717368,-0.012156309413575324,-0.025281731165005216
