x,y,z,sigma11,sigma22,sigma33,sigma12,sigma13,sigma23
0,5.99e-06,5.9e-06,57051275.54151849,-29365413.192320924,-27685862.349197693,0.0,0.0,-85711217.53873079
