x,y,z,sigma11,sigma22,sigma33,sigma12,sigma13,sigma23
0,0,0,-0.144634165914982,-0.125630735955085,-0.0725922409870761,-0.0,-0.0,-0.0
