x,y,z,sigma11,sigma22,sigma33,sigma12,sigma13,sigma23
4,2,1,0.0017195711904223246,0.001780651469658093,0.0016106984501063697,-0.00020536830833141275,-0.00010501793262067761,-5.44537816894815e-05
