x,y,z,sigma11,sigma22,sigma33,sigma12,sigma13,sigma23
5,24,2,-1.0642744076549436e-05,-1.0768860895453877e-05,-1.0803790195196502e-05,-5.623339508376113e-09,-4.6379366080673625e-10,-2.18766585274215e-09
