x,y,z,sigma11,sigma22,sigma33,sigma12,sigma13,sigma23
10,2,5,-7.984242470788748e-05,-8.30301142192843e-05,-8.629992760359208e-05,-2.834295200515965e-07,-6.852034999514366e-07,-1.2925059993110245e-07
3,4,2,0.00037548017561181077,0.00023582451306076568,0.00018984547423545175,-5.190439573270674e-05,-2.536254293868833e-05,-3.250637963455102e-05
