x,y,z,sigma11,sigma22,sigma33,sigma12,sigma13,sigma23
3,1,1,0.01368224969711024,0.016771402084801625,0.01628712243980164,-0.0014456630080417346,-0.0018921341723485716,-0.0008787509265088773
