x,y,z,sigma11,sigma22,sigma33,sigma12,sigma13,sigma23
7,7,7,-6.728511798968359e-05,-7.047409109257042e-05,-7.252775844757824e-05,-3.951896454676705e-07,-3.832178817585014e-07,-3.6326494224322e-07
