x,y,z,sigma11,sigma22,sigma33,sigma12,sigma13,sigma23
0,1,3,-0.29404901417483575,-0.2942737747213927,-0.29561136495321794,-0.20398480473448763,-0.20398480473448763,-0.20434046820883184
