x,y,z,sigma11,sigma22,sigma33,sigma12,sigma13,sigma23
10,12,11,-2.151342549440087e-05,-2.1879826215243948e-05,-2.2091809680198765e-05,-3.4504165886858165e-08,-3.112828127019972e-08,-3.6352862605399134e-08
21,1,0,-1.6838648654242034e-05,-1.6999298640706668e-05,-1.7139309251010745e-05,-3.147771033306839e-09,0.0,0.0
