x,y,z,sigma11,sigma22,sigma33,sigma12,sigma13,sigma23
2,1,4,0.0010035559626527016,0.0008829110826194129,0.0005930989057635818,-1.995310261575109e-05,-7.954765792778513e-05,-3.9553201851209906e-05
